waktu;Telur_Ayam_Ras_Segar
Jan 2017 (I);19150
Jan 2017 (II);18900
Jan 2017 (III);18450
Jan 2017 (IV);18250
Jan 2017 (V);17750
Feb 2017 (I);17750
Feb 2017 (II);17500
Feb 2017 (III);17500
Feb 2017 (IV);17500
Mar 2017 (I);17500
Mar 2017 (II);18100
Mar 2017 (III);18500
Mar 2017 (IV);17950
Apr 2017 (I);17750
Apr 2017 (II);17650
Apr 2017 (III);17200
Apr 2017 (IV);19750
Mei 2017 (I);19900
Mei 2017 (II);20650
Mei 2017 (III);22000
Mei 2017 (IV);21150
Mei 2017 (V);20750
Jun 2017 (I);19600
Jun 2017 (II);18200
Jun 2017 (III);19000
Jun 2017 (IV);19400
Jul 2017 (I);19800
Jul 2017 (II);21500
Jul 2017 (III);21700
Jul 2017 (IV);22300
Jul 2017 (V);21200
Agu 2017 (I);20300
Agu 2017 (II);19500
Agu 2017 (III);19100
Agu 2017 (IV);20000
Sep 2017 (I);20500
Sep 2017 (II);20100
Sep 2017 (III);20250
Sep 2017 (IV);19050
Okt 2017 (I);19050
Okt 2017 (II);19400
Okt 2017 (III);19500
Okt 2017 (IV);19200
Okt 2017 (V);19500
Nov 2017 (I);19500
Nov 2017 (II);19500
Nov 2017 (III);21900
Nov 2017 (IV);23000
Des 2017 (I);23300
Des 2017 (II);23900
Des 2017 (III);25100
Des 2017 (IV);25500
Jan 2018 (I);24850
Jan 2018 (II);23050
Jan 2018 (III);20800
Jan 2018 (IV);20400
Jan 2018 (V);20000
Feb 2018 (I);20000
Feb 2018 (II);21900
Feb 2018 (III);21900
Feb 2018 (IV);21000
Mar 2018 (I);20800
Mar 2018 (II);20600
Mar 2018 (III);20500
Mar 2018 (IV);20500
Apr 2018 (I);20500
Apr 2018 (II);22850
Apr 2018 (III);23500
Apr 2018 (IV);22900
Apr 2018 (V);23300
Mei 2018 (I);25150
Mei 2018 (II);25100
Mei 2018 (III);23100
Mei 2018 (IV);21850
Jun 2018 (I);21500
Jun 2018 (II);22350
Jun 2018 (III);23500
Jun 2018 (IV);23900
Jul 2018 (I);26500
Jul 2018 (II);27900
Jul 2018 (III);26200
Jul 2018 (IV);24400
Jul 2018 (V);22550
Agu 2018 (I);20950
Agu 2018 (II);21000
Agu 2018 (III);22000
Agu 2018 (IV);23100
Sep 2018 (I);22400
Sep 2018 (II);21500
Sep 2018 (III);20300
Sep 2018 (IV);19500
Okt 2018 (I);20900
Okt 2018 (II);21200
Okt 2018 (III);19700
Okt 2018 (IV);19500
Okt 2018 (V);20000
Nov 2018 (I);21500
Nov 2018 (II);21800
Nov 2018 (III);22750
Nov 2018 (IV);23200
Des 2018 (I);24200
Des 2018 (II);24900
Des 2018 (III);25000
Des 2018 (IV);27400
Des 2018 (V);25850
Jan 2019 (I);24700
Jan 2019 (II);23400
Jan 2019 (III);23800
Jan 2019 (IV);23100
Feb 2019 (I);23250
Feb 2019 (II);22500
Feb 2019 (III);22000
Feb 2019 (IV);22500
Mar 2019 (I);23000
Mar 2019 (II);22200
Mar 2019 (III);22400
Mar 2019 (IV);22800
Apr 2019 (I);23500
Apr 2019 (II);23900
Apr 2019 (III);24000
Apr 2019 (IV);23600
Apr 2019 (V);25250
Mei 2019 (I);25500
Mei 2019 (II);23000
Mei 2019 (III);22600
Mei 2019 (IV);22500
Jun 2019 (I);22500
Jun 2019 (II);22500
Jun 2019 (III);22500
Jun 2019 (IV);23750
Jul 2019 (I);23350
Jul 2019 (II);22900
Jul 2019 (III);23000
Jul 2019 (IV);23000
Jul 2019 (V);23000
Agu 2019 (I);22400
Agu 2019 (II);22700
Agu 2019 (III);23500
Agu 2019 (IV);23000
Sep 2019 (I);22800
Sep 2019 (II);22000
Sep 2019 (III);21750
Sep 2019 (IV);20750
;
;
;
;
;
;
